{
  "time_varying_mean": [
    11.019463539123535,
    15.954105377197266,
    6.156044006347656,
    2.2334659099578857,
    155.33131408691406,
    76.03079986572266,
    2.293937921524048,
    0.40921300649642944,
    -0.060472000390291214
  ],
  "time_varying_std": [
    7.489925861358643,
    8.764625549316406,
    6.669260025024414,
    4.577653884887695,
    91.36679077148438,
    11.411503791809082,
    1.5097839832305908,
    0.33031201362609863,
    4.980041980743408
  ],
  "static_mean": [
    62.65393829345703,
    10.689079284667969,
    288.57257080078125,
    64.56993865966797,
    0.11695899814367294,
    0.01712300069630146
  ],
  "static_std": [
    10.744607925415039,
    4.85931396484375,
    210.28782653808594,
    63.77515411376953,
    0.08642199635505676,
    0.025683000683784485
  ],
  "yield_mean": 9.035975456237793,
  "yield_std": 1.5139820575714111
}