{
  "time_varying_mean": [
    10.541956901550293,
    15.135443687438965,
    6.009652137756348,
    2.2400200366973877,
    141.60403442382812,
    77.8277816772461,
    2.1174569129943848,
    0.37793898582458496,
    0.12256400287151337
  ],
  "time_varying_std": [
    7.5265421867370605,
    8.895852088928223,
    6.587446212768555,
    4.519218921661377,
    97.62786102294922,
    11.649276733398438,
    1.6082279682159424,
    0.33372199535369873,
    4.9302778244018555
  ],
  "static_mean": [
    60.93353271484375,
    10.955427169799805,
    290.0574645996094,
    68.05915832519531,
    0.11056499928236008,
    0.013615000061690807
  ],
  "static_std": [
    11.599902153015137,
    5.106719970703125,
    212.68679809570312,
    60.44226837158203,
    0.07761099934577942,
    0.02219800092279911
  ],
  "yield_mean": 6.497682094573975,
  "yield_std": 1.1755659580230713
}