{
  "time_varying_mean": [
    10.604562759399414,
    15.202825546264648,
    6.091348171234131,
    2.25232195854187,
    139.6722412109375,
    77.92610168457031,
    2.094482898712158,
    0.3785809874534607,
    0.15783999860286713
  ],
  "time_varying_std": [
    7.567989826202393,
    8.942846298217773,
    6.643472194671631,
    4.5508198738098145,
    95.81407165527344,
    11.618158340454102,
    1.587069034576416,
    0.3365289866924286,
    4.954582214355469
  ],
  "static_mean": [
    61.128108978271484,
    10.9918794631958,
    288.7254638671875,
    68.30765533447266,
    0.11078199744224548,
    0.01344200037419796
  ],
  "static_std": [
    11.585519790649414,
    5.134862899780273,
    212.05593872070312,
    60.78291702270508,
    0.07718099653720856,
    0.022019000723958015
  ],
  "yield_mean": 7.2879719734191895,
  "yield_std": 1.1699520349502563
}