{
  "time_varying_mean": [
    10.949393272399902,
    15.830709457397461,
    6.142271995544434,
    2.213257074356079,
    155.1923370361328,
    76.16632080078125,
    2.286940097808838,
    0.404105007648468,
    -0.073683001101017
  ],
  "time_varying_std": [
    7.4222731590271,
    8.690163612365723,
    6.6071038246154785,
    4.54543399810791,
    91.06333923339844,
    11.460457801818848,
    1.502845048904419,
    0.32846900820732117,
    4.955423831939697
  ],
  "static_mean": [
    60.920467376708984,
    10.828508377075195,
    291.5470275878906,
    67.87989044189453,
    0.10935100167989731,
    0.013678999617695808
  ],
  "static_std": [
    11.440157890319824,
    5.069640159606934,
    216.98130798339844,
    61.40317916870117,
    0.07894700020551682,
    0.022360999137163162
  ],
  "yield_mean": 44.77505874633789,
  "yield_std": 7.6473259925842285
}